Bank,Year,Metric,Value
Au Small Finance Bank,FY24,Sales,10554.71
Au Small Finance Bank,FY25,Sales,16063.73
Au Small Finance Bank,FY26,Sales,18636.34
Au Small Finance Bank,FY24,Other Mfr. Exp,232.66
Au Small Finance Bank,FY25,Other Mfr. Exp,322.0
Au Small Finance Bank,FY24,Employee Cost,2106.77
Au Small Finance Bank,FY25,Employee Cost,3151.12
Au Small Finance Bank,FY26,Employee Cost,3848.16
Au Small Finance Bank,FY24,Selling and admin,958.81
Au Small Finance Bank,FY25,Selling and admin,1061.08
Au Small Finance Bank,FY24,Other Expenses,1331.11
Au Small Finance Bank,FY25,Other Expenses,2957.12
Au Small Finance Bank,FY26,Other Expenses,4768.41
Au Small Finance Bank,FY24,Other Income,1697.14
Au Small Finance Bank,FY25,Other Income,2526.31
Au Small Finance Bank,FY26,Other Income,2977.94
Au Small Finance Bank,FY24,Depreciation,225.44
Au Small Finance Bank,FY25,Depreciation,258.51
Au Small Finance Bank,FY24,Interest,5397.63
Au Small Finance Bank,FY25,Interest,8052.15
Au Small Finance Bank,FY26,Interest,9523.66
Au Small Finance Bank,FY24,Profit before tax,1999.43
Au Small Finance Bank,FY25,Profit before tax,2788.06
Au Small Finance Bank,FY26,Profit before tax,3474.05
Au Small Finance Bank,FY24,Tax,464.71
Au Small Finance Bank,FY25,Tax,682.13
Au Small Finance Bank,FY26,Tax,832.79
Au Small Finance Bank,FY24,Net profit,1534.72
Au Small Finance Bank,FY25,Net profit,2105.93
Au Small Finance Bank,FY26,Net profit,2641.26
Au Small Finance Bank,FY24,operating profit,7171.62
Au Small Finance Bank,FY25,operating profit,10581.7
Au Small Finance Bank,FY26,operating profit,12997.71
Au Small Finance Bank,FY24,Equity Share Capital,669.16
Au Small Finance Bank,FY25,Equity Share Capital,744.53
Au Small Finance Bank,FY26,Equity Share Capital,748.27
Au Small Finance Bank,FY24,Reserves,11890.37
Au Small Finance Bank,FY25,Reserves,16421.76
Au Small Finance Bank,FY26,Reserves,18984.5
Au Small Finance Bank,FY24,Borrowings,92661.49
Au Small Finance Bank,FY25,Borrowings,135928.44
Au Small Finance Bank,FY26,Borrowings,166532.7
Au Small Finance Bank,FY24,Other Liabilities/current liabiities,4204.65
Au Small Finance Bank,FY25,Other Liabilities/current liabiities,4750.94
Au Small Finance Bank,FY26,Other Liabilities/current liabiities,5532.0
Au Small Finance Bank,FY24,Total,109425.67
Au Small Finance Bank,FY25,Total,157845.67
Au Small Finance Bank,FY26,Total,191797.47
Au Small Finance Bank,FY24,Net Block,784.13
Au Small Finance Bank,FY25,Net Block,825.03
Au Small Finance Bank,FY26,Net Block,1436.38
Au Small Finance Bank,FY24,Capital Work in Progress,67.46
Au Small Finance Bank,FY25,Capital Work in Progress,87.44
Au Small Finance Bank,FY24,Investments,27133.37
Au Small Finance Bank,FY25,Investments,37847.52
Au Small Finance Bank,FY26,Investments,44793.65
Au Small Finance Bank,FY24,Other Assets,81440.71
Au Small Finance Bank,FY25,Other Assets,119085.68
Au Small Finance Bank,FY26,Other Assets,145567.44
Au Small Finance Bank,FY24,Total,109425.67
Au Small Finance Bank,FY25,Total,157845.67
Au Small Finance Bank,FY26,Total,191797.47
Au Small Finance Bank,FY24,Receivables,0.0
Au Small Finance Bank,FY25,Receivables,0.0
Au Small Finance Bank,FY26,Receivables,0.0
Au Small Finance Bank,FY24,Inventory,0.0
Au Small Finance Bank,FY25,Inventory,0.0
Au Small Finance Bank,FY26,Inventory,0.0
Au Small Finance Bank,FY24,Cash & Bank/ Current assets,4102.16
Au Small Finance Bank,FY25,Cash & Bank/ Current assets,8139.66
Au Small Finance Bank,FY26,Cash & Bank/ Current assets,6973.26
Au Small Finance Bank,FY24,Cash from Operating Activity,2608.07
Au Small Finance Bank,FY25,Cash from Operating Activity,5462.41
Au Small Finance Bank,FY26,Cash from Operating Activity,1828.87
Au Small Finance Bank,FY24,Cash from Investing Activity,-4854.76
Au Small Finance Bank,FY25,Cash from Investing Activity,-4779.63
Au Small Finance Bank,FY26,Cash from Investing Activity,-5090.15
Au Small Finance Bank,FY24,Cash from Financing Activity,-802.15
Au Small Finance Bank,FY25,Cash from Financing Activity,2407.25
Au Small Finance Bank,FY26,Cash from Financing Activity,2318.33
Au Small Finance Bank,FY24,Net Cash Flow,-3048.84
Au Small Finance Bank,FY25,Net Cash Flow,3090.03
Au Small Finance Bank,FY26,Net Cash Flow,-942.95
Au Small Finance Bank,FY24,Gross margin,0.4886046135
Au Small Finance Bank,FY25,Gross margin,0.4987372173
Au Small Finance Bank,FY26,Gross margin,0.4889736933
Au Small Finance Bank,FY24,EBITA Margin/operating margin,0.7008302455
Au Small Finance Bank,FY25,EBITA Margin/operating margin,0.6748252118
Au Small Finance Bank,FY26,EBITA Margin/operating margin,0.6974389821
Au Small Finance Bank,FY24,PBT margin,0.1894348589
Au Small Finance Bank,FY25,PBT margin,0.1735624291
Au Small Finance Bank,FY26,PBT margin,0.1864126755
Au Small Finance Bank,FY24,PAT margin,0.1454061741
Au Small Finance Bank,FY25,PAT margin,0.1310984435
Au Small Finance Bank,FY26,PAT margin,0.1417263261
Au Small Finance Bank,FY24,Return on net worth/ROE,0.1221956554
Au Small Finance Bank,FY25,Return on net worth/ROE,0.1226782258
Au Small Finance Bank,FY26,Return on net worth/ROE,0.1338514562
Au Small Finance Bank,FY24,Current ratio/Quick ratio,0.9756246061
Au Small Finance Bank,FY25,Current ratio/Quick ratio,1.713273584
Au Small Finance Bank,FY26,Current ratio/Quick ratio,1.260531453
Capital Small Finance Bank,FY24,Sales,794.33
Capital Small Finance Bank,FY25,Sales,908.5
Capital Small Finance Bank,FY26,Sales,1048.6
Capital Small Finance Bank,FY24,Other Mfr. Exp,9.8
Capital Small Finance Bank,FY25,Other Mfr. Exp,9.83
Capital Small Finance Bank,FY24,Employee Cost,125.83
Capital Small Finance Bank,FY25,Employee Cost,150.01
Capital Small Finance Bank,FY26,Employee Cost,182.29
Capital Small Finance Bank,FY24,Selling and admin,48.09
Capital Small Finance Bank,FY25,Selling and admin,56.24
Capital Small Finance Bank,FY24,Other Expenses,64.39
Capital Small Finance Bank,FY25,Other Expenses,88.02
Capital Small Finance Bank,FY26,Other Expenses,188.6
Capital Small Finance Bank,FY24,Other Income,68.08
Capital Small Finance Bank,FY25,Other Income,86.02
Capital Small Finance Bank,FY26,Other Income,98.27
Capital Small Finance Bank,FY24,Depreciation,16.9
Capital Small Finance Bank,FY25,Depreciation,16.99
Capital Small Finance Bank,FY24,Interest,449.18
Capital Small Finance Bank,FY25,Interest,498.3
Capital Small Finance Bank,FY26,Interest,587.18
Capital Small Finance Bank,FY24,Profit before tax,148.22
Capital Small Finance Bank,FY25,Profit before tax,175.13
Capital Small Finance Bank,FY26,Profit before tax,188.8
Capital Small Finance Bank,FY24,Tax,36.69
Capital Small Finance Bank,FY25,Tax,43.48
Capital Small Finance Bank,FY26,Tax,47.41
Capital Small Finance Bank,FY24,Net profit,111.53
Capital Small Finance Bank,FY25,Net profit,131.65
Capital Small Finance Bank,FY26,Net profit,141.39
Capital Small Finance Bank,FY24,operating profit,529.32
Capital Small Finance Bank,FY25,operating profit,587.41
Capital Small Finance Bank,FY26,operating profit,677.71
Capital Small Finance Bank,FY24,Equity Share Capital,45.04
Capital Small Finance Bank,FY25,Equity Share Capital,45.25
Capital Small Finance Bank,FY26,Equity Share Capital,45.42
Capital Small Finance Bank,FY24,Reserves,1152.38
Capital Small Finance Bank,FY25,Reserves,1294.89
Capital Small Finance Bank,FY26,Reserves,1415.61
Capital Small Finance Bank,FY24,Borrowings,7949.99
Capital Small Finance Bank,FY25,Borrowings,8643.18
Capital Small Finance Bank,FY26,Borrowings,10517.08
Capital Small Finance Bank,FY24,Other Liabilities/current liabilities,147.87
Capital Small Finance Bank,FY25,Other Liabilities/current liabilities,124.19
Capital Small Finance Bank,FY26,Other Liabilities/current liabilities,165.83
Capital Small Finance Bank,FY24,Total,9295.28
Capital Small Finance Bank,FY25,Total,10107.51
Capital Small Finance Bank,FY26,Total,12143.94
Capital Small Finance Bank,FY24,Net Block,83.73
Capital Small Finance Bank,FY25,Net Block,87.75
Capital Small Finance Bank,FY26,Net Block,96.82
Capital Small Finance Bank,FY24,Investments,1705.71
Capital Small Finance Bank,FY25,Investments,1819.45
Capital Small Finance Bank,FY26,Investments,1973.14
Capital Small Finance Bank,FY24,Other Assets,7505.84
Capital Small Finance Bank,FY25,Other Assets,8200.31
Capital Small Finance Bank,FY26,Other Assets,10073.98
Capital Small Finance Bank,FY24,Total,9295.28
Capital Small Finance Bank,FY25,Total,10107.51
Capital Small Finance Bank,FY26,Total,12143.94
Capital Small Finance Bank,FY24,Receivables,0.0
Capital Small Finance Bank,FY25,Receivables,0.0
Capital Small Finance Bank,FY26,Receivables,0.0
Capital Small Finance Bank,FY24,Inventory,0.0
Capital Small Finance Bank,FY25,Inventory,0.0
Capital Small Finance Bank,FY26,Inventory,0.0
Capital Small Finance Bank,FY24,Cash & Bank/current asset,465.59
Capital Small Finance Bank,FY25,Cash & Bank/current asset,571.41
Capital Small Finance Bank,FY26,Cash & Bank/current asset,412.67
Capital Small Finance Bank,FY24,Cash from Operating Activity,115.89
Capital Small Finance Bank,FY25,Cash from Operating Activity,279.49
Capital Small Finance Bank,FY26,Cash from Operating Activity,-385.09
Capital Small Finance Bank,FY24,Cash from Investing Activity,-165.34
Capital Small Finance Bank,FY25,Cash from Investing Activity,-56.45
Capital Small Finance Bank,FY26,Cash from Investing Activity,-36.7
Capital Small Finance Bank,FY24,Cash from Financing Activity,222.58
Capital Small Finance Bank,FY25,Cash from Financing Activity,-155.13
Capital Small Finance Bank,FY26,Cash from Financing Activity,163.4
Capital Small Finance Bank,FY24,Net Cash Flow,173.13
Capital Small Finance Bank,FY25,Net Cash Flow,67.91
Capital Small Finance Bank,FY26,Net Cash Flow,-258.39
Capital Small Finance Bank,FY24,Gross margin,0.4345171402
Capital Small Finance Bank,FY25,Gross margin,0.4515134838
Capital Small Finance Bank,FY26,Gross margin,0.4400343315
Capital Small Finance Bank,FY24,EBITDA margin,0.6876487102
Capital Small Finance Bank,FY25,EBITDA margin,0.6652724271
Capital Small Finance Bank,FY26,EBITDA margin,0.6462998283
Capital Small Finance Bank,FY24,PBT margin,0.1865975099
Capital Small Finance Bank,FY25,PBT margin,0.1927682994
Capital Small Finance Bank,FY26,PBT margin,0.1800495899
Capital Small Finance Bank,FY24,PAT margin,0.1404076391
Capital Small Finance Bank,FY25,PAT margin,0.144909191
Capital Small Finance Bank,FY26,PAT margin,0.1348369254
Capital Small Finance Bank,FY24,Return on net worth/ROE,0.0931419218
Capital Small Finance Bank,FY25,Return on net worth/ROE,0.09823600519
Capital Small Finance Bank,FY26,Return on net worth/ROE,0.09677419355
Capital Small Finance Bank,FY24,Current ratio/Quick ratio,3.148644079
Capital Small Finance Bank,FY25,Current ratio/Quick ratio,4.601095096
Capital Small Finance Bank,FY26,Current ratio/Quick ratio,2.488512332
ESAF Small Finance Bank,FY24,Sales,3818.53
ESAF Small Finance Bank,FY25,Sales,3862.22
ESAF Small Finance Bank,FY26,Sales,3537.18
ESAF Small Finance Bank,FY24,Other Mfr. Exp,7.99
ESAF Small Finance Bank,FY25,Other Mfr. Exp,9.88
ESAF Small Finance Bank,FY24,Employee Cost,365.43
ESAF Small Finance Bank,FY25,Employee Cost,662.65
ESAF Small Finance Bank,FY26,Employee Cost,692.02
ESAF Small Finance Bank,FY24,Selling and admin,160.48
ESAF Small Finance Bank,FY25,Selling and admin,201.04
ESAF Small Finance Bank,FY24,Other Expenses,1656.21
ESAF Small Finance Bank,FY25,Other Expenses,2278.77
ESAF Small Finance Bank,FY26,Other Expenses,2047.17
ESAF Small Finance Bank,FY24,Other Income,441.72
ESAF Small Finance Bank,FY25,Other Income,467.09
ESAF Small Finance Bank,FY26,Other Income,811.05
ESAF Small Finance Bank,FY24,Depreciation,50.99
ESAF Small Finance Bank,FY25,Depreciation,59.25
ESAF Small Finance Bank,FY24,Interest,1448.73
ESAF Small Finance Bank,FY25,Interest,1810.69
ESAF Small Finance Bank,FY26,Interest,1837.44
ESAF Small Finance Bank,FY24,Profit before tax,570.42
ESAF Small Finance Bank,FY25,Profit before tax,-692.97
ESAF Small Finance Bank,FY26,Profit before tax,-228.4
ESAF Small Finance Bank,FY24,Tax,144.85
ESAF Small Finance Bank,FY25,Tax,-171.58
ESAF Small Finance Bank,FY26,Tax,-62.0
ESAF Small Finance Bank,FY24,Net profit,425.57
ESAF Small Finance Bank,FY25,Net profit,-521.39
ESAF Small Finance Bank,FY26,Net profit,-166.4
ESAF Small Finance Bank,FY24,operating profit,1577.43
ESAF Small Finance Bank,FY25,operating profit,650.63
ESAF Small Finance Bank,FY26,operating profit,797.99
ESAF Small Finance Bank,FY24,Equity Share Capital,514.78
ESAF Small Finance Bank,FY25,Equity Share Capital,515.43
ESAF Small Finance Bank,FY26,Equity Share Capital,515.66
ESAF Small Finance Bank,FY24,Reserves,1977.01
ESAF Small Finance Bank,FY25,Reserves,1433.62
ESAF Small Finance Bank,FY26,Reserves,1264.38
ESAF Small Finance Bank,FY24,Borrowings,23090.33
ESAF Small Finance Bank,FY25,Borrowings,24682.17
ESAF Small Finance Bank,FY26,Borrowings,28602.9
ESAF Small Finance Bank,FY24,Other Liabilities/current liabilities,504.78
ESAF Small Finance Bank,FY25,Other Liabilities/current liabilities,547.07
ESAF Small Finance Bank,FY26,Other Liabilities/current liabilities,485.04
ESAF Small Finance Bank,FY24,Total,26086.9
ESAF Small Finance Bank,FY25,Total,27178.29
ESAF Small Finance Bank,FY26,Total,30867.98
ESAF Small Finance Bank,FY24,Net Block,204.94
ESAF Small Finance Bank,FY25,Net Block,237.12
ESAF Small Finance Bank,FY26,Net Block,515.98
ESAF Small Finance Bank,FY24,Capital Work in Progress,2.61
ESAF Small Finance Bank,FY25,Capital Work in Progress,63.3
ESAF Small Finance Bank,FY24,Investments,5541.02
ESAF Small Finance Bank,FY25,Investments,5995.26
ESAF Small Finance Bank,FY26,Investments,6399.11
ESAF Small Finance Bank,FY24,Other Assets,20338.33
ESAF Small Finance Bank,FY25,Other Assets,20882.61
ESAF Small Finance Bank,FY26,Other Assets,23952.89
ESAF Small Finance Bank,FY24,Total,26086.9
ESAF Small Finance Bank,FY25,Total,27178.29
ESAF Small Finance Bank,FY26,Total,30867.98
ESAF Small Finance Bank,FY24,Receivables,0.0
ESAF Small Finance Bank,FY25,Receivables,0.0
ESAF Small Finance Bank,FY26,Receivables,0.0
ESAF Small Finance Bank,FY24,Inventory,0.0
ESAF Small Finance Bank,FY25,Inventory,0.0
ESAF Small Finance Bank,FY26,Inventory,0.0
ESAF Small Finance Bank,FY24,Cash & Bank/current asset,1214.18
ESAF Small Finance Bank,FY25,Cash & Bank/current asset,1218.27
ESAF Small Finance Bank,FY26,Cash & Bank/current asset,1113.71
ESAF Small Finance Bank,FY24,Cash from Operating Activity,1000.93
ESAF Small Finance Bank,FY25,Cash from Operating Activity,3176.32
ESAF Small Finance Bank,FY24,Cash from Investing Activity,-582.54
ESAF Small Finance Bank,FY25,Cash from Investing Activity,-768.83
ESAF Small Finance Bank,FY24,Cash from Financing Activity,235.1
ESAF Small Finance Bank,FY25,Cash from Financing Activity,-1851.62
ESAF Small Finance Bank,FY24,Net Cash Flow,653.49
ESAF Small Finance Bank,FY25,Net Cash Flow,555.87
ESAF Small Finance Bank,FY24,Gross margin,0.6206053115
ESAF Small Finance Bank,FY25,Gross margin,0.5311789593
ESAF Small Finance Bank,FY26,Gross margin,0.4805353417
ESAF Small Finance Bank,FY24,EBITDA margin,0.426452064
ESAF Small Finance Bank,FY25,EBITDA margin,0.1838010264
ESAF Small Finance Bank,FY26,EBITDA margin,0.2256006197
ESAF Small Finance Bank,FY24,PBT margin,0.1493820921
ESAF Small Finance Bank,FY25,PBT margin,-0.1794227154
ESAF Small Finance Bank,FY26,PBT margin,-0.0645712121
ESAF Small Finance Bank,FY24,PAT margin,0.1114486465
ESAF Small Finance Bank,FY25,PAT margin,-0.1349974885
ESAF Small Finance Bank,FY26,PAT margin,-0.04704312475
ESAF Small Finance Bank,FY24,Return on net worth/ROE,0.1707888707
ESAF Small Finance Bank,FY25,Return on net worth/ROE,-0.2675098125
ESAF Small Finance Bank,FY26,Return on net worth/ROE,-0.09348104537
ESAF Small Finance Bank,FY24,Current ratio/Quick ratio,2.405364713
ESAF Small Finance Bank,FY25,Current ratio/Quick ratio,2.226899665
ESAF Small Finance Bank,FY26,Current ratio/Quick ratio,2.296119908
Equitas Small Finance Bank,FY24,Sales,5486.4
Equitas Small Finance Bank,FY25,Sales,6311.73
Equitas Small Finance Bank,FY26,Sales,6794.24
Equitas Small Finance Bank,FY24,Other Mfr. Exp,35.46
Equitas Small Finance Bank,FY25,Other Mfr. Exp,37.59
Equitas Small Finance Bank,FY24,Employee Cost,1372.33
Equitas Small Finance Bank,FY25,Employee Cost,1624.43
Equitas Small Finance Bank,FY26,Employee Cost,1964.08
Equitas Small Finance Bank,FY24,Selling and admin,676.54
Equitas Small Finance Bank,FY25,Selling and admin,724.9
Equitas Small Finance Bank,FY24,Other Expenses,596.55
Equitas Small Finance Bank,FY25,Other Expenses,1429.19
Equitas Small Finance Bank,FY26,Other Expenses,2372.51
Equitas Small Finance Bank,FY24,Other Income,798.67
Equitas Small Finance Bank,FY25,Other Income,911.49
Equitas Small Finance Bank,FY26,Other Income,1073.55
Equitas Small Finance Bank,FY24,Depreciation,134.42
Equitas Small Finance Bank,FY25,Depreciation,148.15
Equitas Small Finance Bank,FY24,Interest,2406.64
Equitas Small Finance Bank,FY25,Interest,3060.11
Equitas Small Finance Bank,FY26,Interest,3403.07
Equitas Small Finance Bank,FY24,Profit before tax,1063.13
Equitas Small Finance Bank,FY25,Profit before tax,198.85
Equitas Small Finance Bank,FY26,Profit before tax,128.13
Equitas Small Finance Bank,FY24,Tax,264.17
Equitas Small Finance Bank,FY25,Tax,51.8
Equitas Small Finance Bank,FY26,Tax,25.05
Equitas Small Finance Bank,FY24,Net profit,798.96
Equitas Small Finance Bank,FY25,Net profit,147.05
Equitas Small Finance Bank,FY26,Net profit,103.08
Equitas Small Finance Bank,FY24,operating profit,2671.1
Equitas Small Finance Bank,FY25,operating profit,2347.47
Equitas Small Finance Bank,FY26,operating profit,2457.65
Equitas Small Finance Bank,FY24,Equity Share Capital,1134.89
Equitas Small Finance Bank,FY25,Equity Share Capital,1139.86
Equitas Small Finance Bank,FY26,Equity Share Capital,1141.04
Equitas Small Finance Bank,FY24,Reserves,4833.81
Equitas Small Finance Bank,FY25,Reserves,4932.66
Equitas Small Finance Bank,FY26,Reserves,4983.79
Equitas Small Finance Bank,FY24,Borrowings,37916.73
Equitas Small Finance Bank,FY25,Borrowings,45243.71
Equitas Small Finance Bank,FY26,Borrowings,52305.64
Equitas Small Finance Bank,FY24,Other Liabilities/current liabilities,1418.44
Equitas Small Finance Bank,FY25,Other Liabilities/current liabilities,1519.41
Equitas Small Finance Bank,FY26,Other Liabilities/current liabilities,2179.89
Equitas Small Finance Bank,FY24,Total,45303.87
Equitas Small Finance Bank,FY25,Total,52835.64
Equitas Small Finance Bank,FY26,Total,60610.36
Equitas Small Finance Bank,FY24,Net Block,536.53
Equitas Small Finance Bank,FY25,Net Block,530.91
Equitas Small Finance Bank,FY26,Net Block,715.28
Equitas Small Finance Bank,FY24,Capital Work in Progress,68.2
Equitas Small Finance Bank,FY25,Capital Work in Progress,164.79
Equitas Small Finance Bank,FY24,Investments,9065.27
Equitas Small Finance Bank,FY25,Investments,9288.69
Equitas Small Finance Bank,FY26,Investments,10148.83
Equitas Small Finance Bank,FY24,Other Assets,35633.87
Equitas Small Finance Bank,FY25,Other Assets,42851.25
Equitas Small Finance Bank,FY26,Other Assets,49746.25
Equitas Small Finance Bank,FY24,Total,45303.87
Equitas Small Finance Bank,FY25,Total,52835.64
Equitas Small Finance Bank,FY26,Total,60610.36
Equitas Small Finance Bank,FY24,Receivables,0.0
Equitas Small Finance Bank,FY25,Receivables,0.0
Equitas Small Finance Bank,FY26,Receivables,0.0
Equitas Small Finance Bank,FY24,Inventory,0.0
Equitas Small Finance Bank,FY25,Inventory,0.0
Equitas Small Finance Bank,FY26,Inventory,0.0
Equitas Small Finance Bank,FY24,Cash & Bank/current asset,3396.74
Equitas Small Finance Bank,FY25,Cash & Bank/current asset,4836.25
Equitas Small Finance Bank,FY26,Cash & Bank/current asset,5563.29
Equitas Small Finance Bank,FY24,Cash from Operating Activity,3833.54
Equitas Small Finance Bank,FY25,Cash from Operating Activity,1936.82
Equitas Small Finance Bank,FY26,Cash from Operating Activity,-3315.83
Equitas Small Finance Bank,FY24,Cash from Investing Activity,-359.73
Equitas Small Finance Bank,FY25,Cash from Investing Activity,-238.67
Equitas Small Finance Bank,FY26,Cash from Investing Activity,-185.42
Equitas Small Finance Bank,FY24,Cash from Financing Activity,-1210.22
Equitas Small Finance Bank,FY25,Cash from Financing Activity,259.2
Equitas Small Finance Bank,FY26,Cash from Financing Activity,3641.25
Equitas Small Finance Bank,FY24,Net Cash Flow,2263.59
Equitas Small Finance Bank,FY25,Net Cash Flow,1957.35
Equitas Small Finance Bank,FY26,Net Cash Flow,140.0
Equitas Small Finance Bank,FY24,Gross margin,0.5613444153
Equitas Small Finance Bank,FY25,Gross margin,0.5151709595
Equitas Small Finance Bank,FY26,Gross margin,0.4991242582
Equitas Small Finance Bank,FY24,EBITDA margin,0.5113589968
Equitas Small Finance Bank,FY25,EBITDA margin,0.3953939728
Equitas Small Finance Bank,FY26,EBITDA margin,0.3617255204
Equitas Small Finance Bank,FY24,PBT margin,0.1937755176
Equitas Small Finance Bank,FY25,PBT margin,0.03150483306
Equitas Small Finance Bank,FY26,PBT margin,0.01885862142
Equitas Small Finance Bank,FY24,PAT margin,0.1456255468
Equitas Small Finance Bank,FY25,PAT margin,0.02329789139
Equitas Small Finance Bank,FY26,PAT margin,0.01517167483
Equitas Small Finance Bank,FY24,Return on net worth/ROE,0.1338582941
Equitas Small Finance Bank,FY25,Return on net worth/ROE,0.02421564688
Equitas Small Finance Bank,FY26,Return on net worth/ROE,0.01682985487
Equitas Small Finance Bank,FY24,Quick ratio/current ratio,2.394701221
Equitas Small Finance Bank,FY25,Quick ratio/current ratio,3.182978919
Equitas Small Finance Bank,FY26,Quick ratio/current ratio,2.552096665
Jana Small Finance Bank,FY24,Sales,4013.81
Jana Small Finance Bank,FY25,Sales,4709.79
Jana Small Finance Bank,FY26,Sales,5352.87
Jana Small Finance Bank,FY24,Other Mfr. Exp,35.52
Jana Small Finance Bank,FY25,Other Mfr. Exp,38.56
Jana Small Finance Bank,FY24,Employee Cost,975.91
Jana Small Finance Bank,FY25,Employee Cost,1212.2
Jana Small Finance Bank,FY26,Employee Cost,1460.22
Jana Small Finance Bank,FY24,Selling and admin,485.56
Jana Small Finance Bank,FY25,Selling and admin,547.45
Jana Small Finance Bank,FY24,Other Expenses,724.9
Jana Small Finance Bank,FY25,Other Expenses,836.54
Jana Small Finance Bank,FY26,Other Expenses,1828.38
Jana Small Finance Bank,FY24,Other Income,670.24
Jana Small Finance Bank,FY25,Other Income,775.86
Jana Small Finance Bank,FY26,Other Income,1021.9
Jana Small Finance Bank,FY24,Depreciation,61.91
Jana Small Finance Bank,FY25,Depreciation,60.56
Jana Small Finance Bank,FY24,Interest,1885.9
Jana Small Finance Bank,FY25,Interest,2316.66
Jana Small Finance Bank,FY26,Interest,2759.74
Jana Small Finance Bank,FY24,Profit before tax,514.35
Jana Small Finance Bank,FY25,Profit before tax,473.68
Jana Small Finance Bank,FY26,Profit before tax,326.43
Jana Small Finance Bank,FY24,Tax,-155.19
Jana Small Finance Bank,FY25,Tax,-27.74
Jana Small Finance Bank,FY24,Net profit,669.54
Jana Small Finance Bank,FY25,Net profit,501.42
Jana Small Finance Bank,FY26,Net profit,326.43
Jana Small Finance Bank,FY24,operating profit,1730.01
Jana Small Finance Bank,FY25,operating profit,2014.48
Jana Small Finance Bank,FY26,operating profit,2064.27
Jana Small Finance Bank,FY24,Equity Share Capital,104.59
Jana Small Finance Bank,FY25,Equity Share Capital,105.06
Jana Small Finance Bank,FY26,Equity Share Capital,105.32
Jana Small Finance Bank,FY24,Reserves,3472.51
Jana Small Finance Bank,FY25,Reserves,4013.29
Jana Small Finance Bank,FY26,Reserves,4328.25
Jana Small Finance Bank,FY24,Borrowings,27782.71
Jana Small Finance Bank,FY25,Borrowings,32986.6
Jana Small Finance Bank,FY26,Borrowings,41281.25
Jana Small Finance Bank,FY24,Other Liabilities/current liabiliites,1349.98
Jana Small Finance Bank,FY25,Other Liabilities/current liabiliites,1358.66
Jana Small Finance Bank,FY26,Other Liabilities/current liabiliites,1732.91
Jana Small Finance Bank,FY24,Total,32709.79
Jana Small Finance Bank,FY25,Total,38463.61
Jana Small Finance Bank,FY26,Total,47447.73
Jana Small Finance Bank,FY24,Net Block,138.65
Jana Small Finance Bank,FY25,Net Block,149.96
Jana Small Finance Bank,FY26,Net Block,198.69
Jana Small Finance Bank,FY24,Capital Work in Progress,2.94
Jana Small Finance Bank,FY25,Capital Work in Progress,3.21
Jana Small Finance Bank,FY24,Investments,6737.69
Jana Small Finance Bank,FY25,Investments,5944.58
Jana Small Finance Bank,FY26,Investments,9812.0
Jana Small Finance Bank,FY24,Other Assets,25830.51
Jana Small Finance Bank,FY25,Other Assets,32365.86
Jana Small Finance Bank,FY26,Other Assets,37437.04
Jana Small Finance Bank,FY24,Total,32709.79
Jana Small Finance Bank,FY25,Total,38463.61
Jana Small Finance Bank,FY26,Total,47447.73
Jana Small Finance Bank,FY24,Receivables,0.0
Jana Small Finance Bank,FY25,Receivables,0.0
Jana Small Finance Bank,FY26,Receivables,0.0
Jana Small Finance Bank,FY24,Inventory,0.0
Jana Small Finance Bank,FY25,Inventory,0.0
Jana Small Finance Bank,FY26,Inventory,0.0
Jana Small Finance Bank,FY24,Cash & Bank/current assets,965.22
Jana Small Finance Bank,FY25,Cash & Bank/current assets,2748.59
Jana Small Finance Bank,FY26,Cash & Bank/current assets,2492.17
Jana Small Finance Bank,FY24,Cash from Operating Activity,707.82
Jana Small Finance Bank,FY25,Cash from Operating Activity,4073.25
Jana Small Finance Bank,FY26,Cash from Operating Activity,593.64
Jana Small Finance Bank,FY24,Cash from Investing Activity,-780.09
Jana Small Finance Bank,FY25,Cash from Investing Activity,-321.02
Jana Small Finance Bank,FY26,Cash from Investing Activity,-4132.66
Jana Small Finance Bank,FY24,Cash from Financing Activity,33.48
Jana Small Finance Bank,FY25,Cash from Financing Activity,-1331.44
Jana Small Finance Bank,FY26,Cash from Financing Activity,1640.54
Jana Small Finance Bank,FY24,Net Cash Flow,-38.79
Jana Small Finance Bank,FY25,Net Cash Flow,2420.79
Jana Small Finance Bank,FY26,Net Cash Flow,-1898.48
Jana Small Finance Bank,FY24,Gross margin,0.5301471669
Jana Small Finance Bank,FY25,Gross margin,0.5081181964
Jana Small Finance Bank,FY26,Gross margin,0.4844373205
Jana Small Finance Bank,FY24,EBITDA margin,0.4464386705
Jana Small Finance Bank,FY25,EBITDA margin,0.4405801533
Jana Small Finance Bank,FY26,EBITDA margin,0.3856379849
Jana Small Finance Bank,FY24,PBT margin,0.1281450791
Jana Small Finance Bank,FY25,PBT margin,0.1005734863
Jana Small Finance Bank,FY26,PBT margin,0.06098223943
Jana Small Finance Bank,FY24,PAT margin,0.1668090916
Jana Small Finance Bank,FY25,PAT margin,0.1064633455
Jana Small Finance Bank,FY26,PAT margin,0.06098223943
Jana Small Finance Bank,FY24,Return on net worth/ROE,0.1871739677
Jana Small Finance Bank,FY25,Return on net worth/ROE,0.1217526437
Jana Small Finance Bank,FY26,Return on net worth/ROE,0.07362689661
Jana Small Finance Bank,FY24,current ratio /quick ratio,0.7149883702
Jana Small Finance Bank,FY25,current ratio /quick ratio,2.023015324
Jana Small Finance Bank,FY26,current ratio /quick ratio,1.438141623
Suryoday Small Finance Bank,FY24,Sales,1588.7
Suryoday Small Finance Bank,FY25,Sales,1953.75
Suryoday Small Finance Bank,FY26,Sales,2160.29
Suryoday Small Finance Bank,FY24,Other Mfr. Exp,64.82
Suryoday Small Finance Bank,FY25,Other Mfr. Exp,83.92
Suryoday Small Finance Bank,FY24,Employee Cost,362.0
Suryoday Small Finance Bank,FY25,Employee Cost,445.97
Suryoday Small Finance Bank,FY26,Employee Cost,512.49
Suryoday Small Finance Bank,FY24,Selling and admin,79.09
Suryoday Small Finance Bank,FY25,Selling and admin,104.72
Suryoday Small Finance Bank,FY24,Other Expenses,336.78
Suryoday Small Finance Bank,FY25,Other Expenses,489.35
Suryoday Small Finance Bank,FY26,Other Expenses,746.32
Suryoday Small Finance Bank,FY24,Other Income,219.38
Suryoday Small Finance Bank,FY25,Other Income,217.25
Suryoday Small Finance Bank,FY26,Other Income,359.67
Suryoday Small Finance Bank,FY24,Depreciation,51.35
Suryoday Small Finance Bank,FY25,Depreciation,55.59
Suryoday Small Finance Bank,FY24,Interest,626.47
Suryoday Small Finance Bank,FY25,Interest,847.61
Suryoday Small Finance Bank,FY26,Interest,1061.58
Suryoday Small Finance Bank,FY24,Profit before tax,287.57
Suryoday Small Finance Bank,FY25,Profit before tax,143.84
Suryoday Small Finance Bank,FY26,Profit before tax,199.57
Suryoday Small Finance Bank,FY24,Tax,71.61
Suryoday Small Finance Bank,FY25,Tax,28.87
Suryoday Small Finance Bank,FY26,Tax,47.6
Suryoday Small Finance Bank,FY24,Net profit,215.96
Suryoday Small Finance Bank,FY25,Net profit,114.97
Suryoday Small Finance Bank,FY26,Net profit,151.97
Suryoday Small Finance Bank,FY24,operating profit,694.66
Suryoday Small Finance Bank,FY25,operating profit,774.2
Suryoday Small Finance Bank,FY26,operating profit,901.48
Suryoday Small Finance Bank,FY24,Equity Share Capital,106.2
Suryoday Small Finance Bank,FY25,Equity Share Capital,106.28
Suryoday Small Finance Bank,FY26,Equity Share Capital,106.29
Suryoday Small Finance Bank,FY24,Reserves,1698.76
Suryoday Small Finance Bank,FY25,Reserves,1820.81
Suryoday Small Finance Bank,FY26,Reserves,1972.03
Suryoday Small Finance Bank,FY24,Borrowings,10220.25
Suryoday Small Finance Bank,FY25,Borrowings,13289.9
Suryoday Small Finance Bank,FY26,Borrowings,17116.4
Suryoday Small Finance Bank,FY24,Other Liabilities /current liabilites,352.48
Suryoday Small Finance Bank,FY25,Other Liabilities /current liabilites,397.39
Suryoday Small Finance Bank,FY26,Other Liabilities /current liabilites,689.24
Suryoday Small Finance Bank,FY24,Total,12377.69
Suryoday Small Finance Bank,FY25,Total,15614.38
Suryoday Small Finance Bank,FY26,Total,19883.96
Suryoday Small Finance Bank,FY24,Net Block,152.18
Suryoday Small Finance Bank,FY25,Net Block,155.61
Suryoday Small Finance Bank,FY26,Net Block,298.04
Suryoday Small Finance Bank,FY24,Capital Work in Progress,16.62
Suryoday Small Finance Bank,FY25,Capital Work in Progress,134.53
Suryoday Small Finance Bank,FY24,Investments,2599.3
Suryoday Small Finance Bank,FY25,Investments,3137.48
Suryoday Small Finance Bank,FY26,Investments,3692.56
Suryoday Small Finance Bank,FY24,Other Assets,9609.59
Suryoday Small Finance Bank,FY25,Other Assets,12186.76
Suryoday Small Finance Bank,FY26,Other Assets,15893.36
Suryoday Small Finance Bank,FY24,Total,12377.69
Suryoday Small Finance Bank,FY25,Total,15614.38
Suryoday Small Finance Bank,FY26,Total,19883.96
Suryoday Small Finance Bank,FY24,Receivables,0.0
Suryoday Small Finance Bank,FY25,Receivables,0.0
Suryoday Small Finance Bank,FY26,Receivables,0.0
Suryoday Small Finance Bank,FY24,Inventory,0.0
Suryoday Small Finance Bank,FY25,Inventory,0.0
Suryoday Small Finance Bank,FY26,Inventory,0.0
Suryoday Small Finance Bank,FY24,Cash & Bank/current asset,799.67
Suryoday Small Finance Bank,FY25,Cash & Bank/current asset,1454.4
Suryoday Small Finance Bank,FY26,Cash & Bank/current asset,1713.72
Suryoday Small Finance Bank,FY24,Cash from Operating Activity,934.73
Suryoday Small Finance Bank,FY25,Cash from Operating Activity,1319.98
Suryoday Small Finance Bank,FY26,Cash from Operating Activity,652.33
Suryoday Small Finance Bank,FY24,Cash from Investing Activity,-263.36
Suryoday Small Finance Bank,FY25,Cash from Investing Activity,-1058.99
Suryoday Small Finance Bank,FY26,Cash from Investing Activity,-791.57
Suryoday Small Finance Bank,FY24,Cash from Financing Activity,-321.92
Suryoday Small Finance Bank,FY25,Cash from Financing Activity,268.32
Suryoday Small Finance Bank,FY26,Cash from Financing Activity,412.13
Suryoday Small Finance Bank,FY24,Net Cash Flow,349.45
Suryoday Small Finance Bank,FY25,Net Cash Flow,529.31
Suryoday Small Finance Bank,FY26,Net Cash Flow,272.89
Suryoday Small Finance Bank,FY24,Gross margin,0.6056713036
Suryoday Small Finance Bank,FY25,Gross margin,0.566162508
Suryoday Small Finance Bank,FY26,Gross margin,0.5085937536
Suryoday Small Finance Bank,FY24,EBITDA margin,0.4695726065
Suryoday Small Finance Bank,FY25,EBITDA margin,0.4247165707
Suryoday Small Finance Bank,FY26,EBITDA margin,0.417295826
Suryoday Small Finance Bank,FY24,PBT margin,0.1810096305
Suryoday Small Finance Bank,FY25,PBT margin,0.07362252079
Suryoday Small Finance Bank,FY26,PBT margin,0.0923811155
Suryoday Small Finance Bank,FY24,PAT margin,0.1359350412
Suryoday Small Finance Bank,FY25,PAT margin,0.05884580934
Suryoday Small Finance Bank,FY26,PAT margin,0.07034703674
Suryoday Small Finance Bank,FY24,Return on net worth,0.1196480808
Suryoday Small Finance Bank,FY25,Return on net worth,0.05965990172
Suryoday Small Finance Bank,FY26,Return on net worth,0.07312155972
Suryoday Small Finance Bank,FY24,Current ratio/quick ratio,2.268696096
Suryoday Small Finance Bank,FY25,Current ratio/quick ratio,3.659880722
Suryoday Small Finance Bank,FY26,Current ratio/quick ratio,2.486390807
Ujjivan Small Finance Bank,FY24,Sales,5677.15
Ujjivan Small Finance Bank,FY25,Sales,6354.39
Ujjivan Small Finance Bank,FY26,Sales,6931.45
Ujjivan Small Finance Bank,FY24,Other Mfr. Exp,49.34
Ujjivan Small Finance Bank,FY25,Other Mfr. Exp,56.48
Ujjivan Small Finance Bank,FY24,Employee Cost,1186.98
Ujjivan Small Finance Bank,FY25,Employee Cost,1502.68
Ujjivan Small Finance Bank,FY26,Employee Cost,1790.97
Ujjivan Small Finance Bank,FY24,Selling and admin,364.29
Ujjivan Small Finance Bank,FY25,Selling and admin,388.88
Ujjivan Small Finance Bank,FY24,Other Expenses,795.13
Ujjivan Small Finance Bank,FY25,Other Expenses,1458.14
Ujjivan Small Finance Bank,FY26,Other Expenses,2276.52
Ujjivan Small Finance Bank,FY24,Other Income,786.75
Ujjivan Small Finance Bank,FY25,Other Income,846.2
Ujjivan Small Finance Bank,FY26,Other Income,1107.52
Ujjivan Small Finance Bank,FY24,Depreciation,98.29
Ujjivan Small Finance Bank,FY25,Depreciation,134.72
Ujjivan Small Finance Bank,FY24,Interest,2267.7
Ujjivan Small Finance Bank,FY25,Interest,2718.12
Ujjivan Small Finance Bank,FY26,Interest,3060.45
Ujjivan Small Finance Bank,FY24,Profit before tax,1702.17
Ujjivan Small Finance Bank,FY25,Profit before tax,941.57
Ujjivan Small Finance Bank,FY26,Profit before tax,911.03
Ujjivan Small Finance Bank,FY24,Tax,420.68
Ujjivan Small Finance Bank,FY25,Tax,215.46
Ujjivan Small Finance Bank,FY26,Tax,218.4
Ujjivan Small Finance Bank,FY24,Net profit,1281.49
Ujjivan Small Finance Bank,FY25,Net profit,726.11
Ujjivan Small Finance Bank,FY26,Net profit,692.63
Ujjivan Small Finance Bank,FY24,operating profit,3183.12
Ujjivan Small Finance Bank,FY25,operating profit,2813.49
Ujjivan Small Finance Bank,FY26,operating profit,2863.96
Ujjivan Small Finance Bank,FY24,Equity Share Capital,518.73
Ujjivan Small Finance Bank,FY25,Equity Share Capital,1935.0
Ujjivan Small Finance Bank,FY26,Equity Share Capital,1942.71
Ujjivan Small Finance Bank,FY24,Reserves,5094.77
Ujjivan Small Finance Bank,FY25,Reserves,4148.4
Ujjivan Small Finance Bank,FY26,Reserves,4775.59
Ujjivan Small Finance Bank,FY24,Borrowings,33632.98
Ujjivan Small Finance Bank,FY25,Borrowings,40475.84
Ujjivan Small Finance Bank,FY26,Borrowings,49404.34
Ujjivan Small Finance Bank,FY24,Other Liabilities / current liabilities,1175.74
Ujjivan Small Finance Bank,FY25,Other Liabilities / current liabilities,1129.91
Ujjivan Small Finance Bank,FY26,Other Liabilities / current liabilities,1418.57
Ujjivan Small Finance Bank,FY24,Total,40422.22
Ujjivan Small Finance Bank,FY25,Total,47689.15
Ujjivan Small Finance Bank,FY26,Total,57541.21
Ujjivan Small Finance Bank,FY24,Net Block,394.85
Ujjivan Small Finance Bank,FY25,Net Block,443.74
Ujjivan Small Finance Bank,FY26,Net Block,493.07
Ujjivan Small Finance Bank,FY24,Capital Work in Progress,31.81
Ujjivan Small Finance Bank,FY25,Capital Work in Progress,13.17
Ujjivan Small Finance Bank,FY24,Investments,9766.02
Ujjivan Small Finance Bank,FY25,Investments,11729.99
Ujjivan Small Finance Bank,FY26,Investments,12724.25
Ujjivan Small Finance Bank,FY24,Other Assets,30229.54
Ujjivan Small Finance Bank,FY25,Other Assets,35502.25
Ujjivan Small Finance Bank,FY26,Other Assets,44323.89
Ujjivan Small Finance Bank,FY24,Total,40422.22
Ujjivan Small Finance Bank,FY25,Total,47689.15
Ujjivan Small Finance Bank,FY26,Total,57541.21
Ujjivan Small Finance Bank,FY24,Receivables,0.0
Ujjivan Small Finance Bank,FY25,Receivables,0.0
Ujjivan Small Finance Bank,FY26,Receivables,0.0
Ujjivan Small Finance Bank,FY24,Inventory,0.0
Ujjivan Small Finance Bank,FY25,Inventory,0.0
Ujjivan Small Finance Bank,FY26,Inventory,0.0
Ujjivan Small Finance Bank,FY24,Cash & Bank/current asset,2323.52
Ujjivan Small Finance Bank,FY25,Cash & Bank/current asset,2938.24
Ujjivan Small Finance Bank,FY26,Cash & Bank/current asset,3109.67
Ujjivan Small Finance Bank,FY24,Cash from Operating Activity,1592.84
Ujjivan Small Finance Bank,FY25,Cash from Operating Activity,2028.2
Ujjivan Small Finance Bank,FY26,Cash from Operating Activity,1843.2
Ujjivan Small Finance Bank,FY24,Cash from Investing Activity,-864.54
Ujjivan Small Finance Bank,FY25,Cash from Investing Activity,-1793.44
Ujjivan Small Finance Bank,FY26,Cash from Investing Activity,-2480.67
Ujjivan Small Finance Bank,FY24,Cash from Financing Activity,-518.73
Ujjivan Small Finance Bank,FY25,Cash from Financing Activity,398.24
Ujjivan Small Finance Bank,FY26,Cash from Financing Activity,911.35
Ujjivan Small Finance Bank,FY24,Net Cash Flow,209.57
Ujjivan Small Finance Bank,FY25,Net Cash Flow,633.0
Ujjivan Small Finance Bank,FY26,Net Cash Flow,273.88
Ujjivan Small Finance Bank,FY24,Gross margin,0.6005566173
Ujjivan Small Finance Bank,FY25,Gross margin,0.5722453296
Ujjivan Small Finance Bank,FY26,Gross margin,0.5584690072
Ujjivan Small Finance Bank,FY24,EBITDA margin,0.5780030473
Ujjivan Small Finance Bank,FY25,EBITDA margin,0.463964283
Ujjivan Small Finance Bank,FY26,EBITDA margin,0.4131833888
Ujjivan Small Finance Bank,FY24,PBT margin,0.2998282589
Ujjivan Small Finance Bank,FY25,PBT margin,0.1481763002
Ujjivan Small Finance Bank,FY26,PBT margin,0.1314342598
Ujjivan Small Finance Bank,FY24,PAT margin,0.2257276979
Ujjivan Small Finance Bank,FY25,PAT margin,0.1142690329
Ujjivan Small Finance Bank,FY26,PAT margin,0.09992570097
Ujjivan Small Finance Bank,FY24,Return on net worth/ROE,0.2282871649
Ujjivan Small Finance Bank,FY25,Return on net worth/ROE,0.1193592399
Ujjivan Small Finance Bank,FY26,Return on net worth/ROE,0.1030960213
Ujjivan Small Finance Bank,FY24,Current ratio/quick ratio,1.976219232
Ujjivan Small Finance Bank,FY25,Current ratio/quick ratio,2.600419502
Ujjivan Small Finance Bank,FY26,Current ratio/quick ratio,2.192116004
Utkarsh Small Finance Bank,FY24,Sales,3178.41
Utkarsh Small Finance Bank,FY25,Sales,3764.93
Utkarsh Small Finance Bank,FY26,Sales,3378.78
Utkarsh Small Finance Bank,FY24,Other Mfr. Exp,23.43
Utkarsh Small Finance Bank,FY25,Other Mfr. Exp,26.45
Utkarsh Small Finance Bank,FY24,Employee Cost,739.91
Utkarsh Small Finance Bank,FY25,Employee Cost,848.9
Utkarsh Small Finance Bank,FY26,Employee Cost,947.96
Utkarsh Small Finance Bank,FY24,Selling and admin,169.56
Utkarsh Small Finance Bank,FY25,Selling and admin,199.47
Utkarsh Small Finance Bank,FY24,Other Expenses,628.59
Utkarsh Small Finance Bank,FY25,Other Expenses,1443.66
Utkarsh Small Finance Bank,FY26,Other Expenses,2466.36
Utkarsh Small Finance Bank,FY24,Other Income,400.34
Utkarsh Small Finance Bank,FY25,Other Income,599.83
Utkarsh Small Finance Bank,FY26,Other Income,430.97
Utkarsh Small Finance Bank,FY24,Depreciation,65.27
Utkarsh Small Finance Bank,FY25,Depreciation,76.57
Utkarsh Small Finance Bank,FY24,Interest,1292.61
Utkarsh Small Finance Bank,FY25,Interest,1742.06
Utkarsh Small Finance Bank,FY26,Interest,1902.04
Utkarsh Small Finance Bank,FY24,Profit before tax,659.38
Utkarsh Small Finance Bank,FY25,Profit before tax,27.65
Utkarsh Small Finance Bank,FY26,Profit before tax,-1506.61
Utkarsh Small Finance Bank,FY24,Tax,161.76
Utkarsh Small Finance Bank,FY25,Tax,3.95
Utkarsh Small Finance Bank,FY26,Tax,-355.64
Utkarsh Small Finance Bank,FY24,Net profit,497.62
Utkarsh Small Finance Bank,FY25,Net profit,23.7
Utkarsh Small Finance Bank,FY26,Net profit,-1150.97
Utkarsh Small Finance Bank,FY24,operating profit,1551.65
Utkarsh Small Finance Bank,FY25,operating profit,1169.88
Utkarsh Small Finance Bank,FY26,operating profit,-35.54
Utkarsh Small Finance Bank,FY24,Equity Share Capital,1099.46
Utkarsh Small Finance Bank,FY25,Equity Share Capital,1101.61
Utkarsh Small Finance Bank,FY26,Equity Share Capital,1779.52
Utkarsh Small Finance Bank,FY24,Reserves,1873.73
Utkarsh Small Finance Bank,FY25,Reserves,1872.89
Utkarsh Small Finance Bank,FY26,Reserves,941.45
Utkarsh Small Finance Bank,FY24,Borrowings,19467.68
Utkarsh Small Finance Bank,FY25,Borrowings,23920.47
Utkarsh Small Finance Bank,FY26,Borrowings,24483.42
Utkarsh Small Finance Bank,FY24,Other Liabilities / current liabilites,1461.81
Utkarsh Small Finance Bank,FY25,Other Liabilities / current liabilites,1232.47
Utkarsh Small Finance Bank,FY26,Other Liabilities / current liabilites,1664.68
Utkarsh Small Finance Bank,FY24,Total,23902.68
Utkarsh Small Finance Bank,FY25,Total,28127.44
Utkarsh Small Finance Bank,FY26,Total,28869.07
Utkarsh Small Finance Bank,FY24,Net Block,301.29
Utkarsh Small Finance Bank,FY25,Net Block,323.92
Utkarsh Small Finance Bank,FY26,Net Block,457.83
Utkarsh Small Finance Bank,FY24,Capital Work in Progress,10.28
Utkarsh Small Finance Bank,FY25,Capital Work in Progress,63.0
Utkarsh Small Finance Bank,FY24,Investments,3679.47
Utkarsh Small Finance Bank,FY25,Investments,4957.89
Utkarsh Small Finance Bank,FY26,Investments,6914.05
Utkarsh Small Finance Bank,FY24,Other Assets,19911.64
Utkarsh Small Finance Bank,FY25,Other Assets,22782.63
Utkarsh Small Finance Bank,FY26,Other Assets,21497.19
Utkarsh Small Finance Bank,FY24,Total,23902.68
Utkarsh Small Finance Bank,FY25,Total,28127.44
Utkarsh Small Finance Bank,FY26,Total,28869.07
Utkarsh Small Finance Bank,FY24,Receivables,0.0
Utkarsh Small Finance Bank,FY25,Receivables,0.0
Utkarsh Small Finance Bank,FY26,Receivables,0.0
Utkarsh Small Finance Bank,FY24,Inventory,0.0
Utkarsh Small Finance Bank,FY25,Inventory,0.0
Utkarsh Small Finance Bank,FY26,Inventory,0.0
Utkarsh Small Finance Bank,FY24,Cash & Bank/current assets,1167.88
Utkarsh Small Finance Bank,FY25,Cash & Bank/current assets,2559.01
Utkarsh Small Finance Bank,FY26,Cash & Bank/current assets,1692.14
Utkarsh Small Finance Bank,FY24,Cash from Operating Activity,991.23
Utkarsh Small Finance Bank,FY25,Cash from Operating Activity,875.58
Utkarsh Small Finance Bank,FY26,Cash from Operating Activity,780.69
Utkarsh Small Finance Bank,FY24,Cash from Investing Activity,-619.8
Utkarsh Small Finance Bank,FY25,Cash from Investing Activity,-776.88
Utkarsh Small Finance Bank,FY26,Cash from Investing Activity,-3308.58
Utkarsh Small Finance Bank,FY24,Cash from Financing Activity,139.67
Utkarsh Small Finance Bank,FY25,Cash from Financing Activity,310.45
Utkarsh Small Finance Bank,FY26,Cash from Financing Activity,1412.49
Utkarsh Small Finance Bank,FY24,Net Cash Flow,511.1
Utkarsh Small Finance Bank,FY25,Net Cash Flow,409.15
Utkarsh Small Finance Bank,FY26,Net Cash Flow,-1115.4
Utkarsh Small Finance Bank,FY24,Gross margin,0.5933155257
Utkarsh Small Finance Bank,FY25,Gross margin,0.537292858
Utkarsh Small Finance Bank,FY26,Gross margin,0.4370630819
Utkarsh Small Finance Bank,FY24,EBITDA margin,0.5087197687
Utkarsh Small Finance Bank,FY25,EBITDA margin,0.3310685723
Utkarsh Small Finance Bank,FY26,EBITDA margin,-0.01051858955
Utkarsh Small Finance Bank,FY24,PBT margin,0.2074559292
Utkarsh Small Finance Bank,FY25,PBT margin,0.007344094047
Utkarsh Small Finance Bank,FY26,PBT margin,-0.445903551
Utkarsh Small Finance Bank,FY24,PAT margin,0.156562558
Utkarsh Small Finance Bank,FY25,PAT margin,0.006294937754
Utkarsh Small Finance Bank,FY26,PAT margin,-0.3406466239
Utkarsh Small Finance Bank,FY24,Return on net worth,0.1673690548
Utkarsh Small Finance Bank,FY25,Return on net worth,0.007967725668
Utkarsh Small Finance Bank,FY26,Return on net worth,-0.4229998861
Utkarsh Small Finance Bank,FY24,Current ratio/Quick ratio,0.7989273572
Utkarsh Small Finance Bank,FY25,Current ratio/Quick ratio,2.076326401
Utkarsh Small Finance Bank,FY26,Current ratio/Quick ratio,1.016495663
